{
    "interactionModel": {
        "languageModel": {
            "invocationName": "नमस्ते दुनिया",
            "intents": [
                {
                    "name": "AMAZON.CancelIntent",
                    "samples": []
                },
                {
                    "name": "AMAZON.HelpIntent",
                    "samples": []
                },
                {
                    "name": "AMAZON.StopIntent",
                    "samples": []
                },
                {
                    "name": "HelloWorldIntent",
                    "slots": [],
                    "samples": [
                        "hello दोस्त ",
                        "नमस्ते दोस्त ",
                        "hello  ",
                        "नमस्ते friend ",
                        "नमस्ते ",
                        "नमस्ते दुनिया"
                    ]
                },
                {
                    "name": "AMAZON.NavigateHomeIntent",
                    "samples": []
                }
            ],
            "types": []
        }
    }
}