{
	"prod": {},
	"beta": {},
	"alpha": {},
	"dev": {},
	"prod-en-us": {},
	"beta-en-us": {},
	"alpha-en-us": {},
	"dev-en-us": {},
	"en-us": {},
	"en-gb": {},
	
	"default": {
		"ask-profile-name": "default",

		"aws-profile-name": "default",

		"skill-invocation-name": "Jungle Escape",

		"dynamo-db-session-table-name": "jungle-escape-sessions",

		"s3-domain-name": "s3.amazonaws.com",

		"s3-bucket-name": "alexa-ml",

		"ask-skill-directory-name": "jungle-escape",

		"publish-locales": [
			"en-US"
		],

		"update-string-with-source": true,

		"story-title": "Jungle Escape",

		"story-id": "jungle-escape",
		
		"abc-baked-filename": "baked_story.json",
		
		"abc-recording-script-filename": "vo_script.txt",

		"public-resource-folders": ["audio", "images", "vo"],

		"polly-config": {
			"enabled": false,
			"combineAudioTags": true,
			"dontUseCache": false,
			"engine": "standard"
		},

		"default-narrator": {
			"enabled": false,
			"name": "Matthew",
			"pitch": "+10%",
			"rate": "112%",
			"volume": "1.0"
		},
		
		"snippet-map-filename": "Snippets.json",
		"apl-templates-filename": "apl-templates.json",
		"custom-slottype-filename": "SlotTypes.json",
		"isp-config-filename": "ProductISPs.json"
	}
}