{
    "pluginName": "default",
    "scenes": [
        {
            "contents": [
                {
                    "narration": "Welcome to Jungle Escape!",
                    "sceneDirections": [
                        {
                            "directionType": "go to",
                            "parameters": {
                                "target": "start playing",
                                "targetSceneProperty": "narration"
                            }
                        }
                    ]
                }
            ],
            "id": "start",
            "customProperties": {
                "sourceLocation": 0,
                "sourceID": "story.abc"
            }
        },
        {
            "contents": [
                {
                    "narration": "Would you like to start playing?",
                    "sceneDirections": [
                        {
                            "directionType": "choice",
                            "parameters": {
                                "utterances": [
                                    "yes",
                                    "yeah",
                                    "ok"
                                ],
                                "saveToHistory": "true",
                                "directions": [
                                    {
                                        "directionType": "clear",
                                        "parameters": {
                                            "variableName": "all"
                                        }
                                    },
                                    {
                                        "directionType": "go to",
                                        "parameters": {
                                            "target": "begin",
                                            "targetSceneProperty": "narration"
                                        }
                                    }
                                ],
                                "utteranceIDs": [
                                    "AMAZON.YesIntent"
                                ]
                            }
                        },
                        {
                            "directionType": "choice",
                            "parameters": {
                                "utterances": [
                                    "no",
                                    "nope"
                                ],
                                "saveToHistory": "true",
                                "directions": [
                                    {
                                        "directionType": "go to",
                                        "parameters": {
                                            "target": "goodbye",
                                            "targetSceneProperty": "narration"
                                        }
                                    }
                                ],
                                "utteranceIDs": [
                                    "AMAZON.NoIntent"
                                ]
                            }
                        }
                    ]
                }
            ],
            "id": "start playing",
            "customProperties": {
                "sourceLocation": 80,
                "sourceID": "story.abc"
            }
        },
        {
            "contents": [
                {
                    "narration": "Goodbye",
                    "sceneDirections": [
                        {
                            "directionType": "ending",
                            "parameters": {}
                        }
                    ]
                }
            ],
            "id": "goodbye",
            "customProperties": {
                "sourceLocation": 273,
                "sourceID": "story.abc"
            }
        },
        {
            "contents": [
                {
                    "narration": "While exploring the jungle with an expedition team, you were attacked by some wild natives. You managed to escape but were separated from your group. The sun set, and you were forced to sleep in the dark in the hollow of a tree. You awake in the morning, stiff and sore, with no idea where you are. You only have a machete, a crude spear made from a long piece of a tree branch that was sharpened at the end, and a half a canister of water.\n\n    When you look ahead, you see two paths. Do you choose the path to the left, or to the right?",
                    "sceneDirections": [
                        {
                            "directionType": "reprompt",
                            "parameters": {
                                "message": "Do you choose the path to the left, or to the right?"
                            }
                        },
                        {
                            "directionType": "recap",
                            "parameters": {
                                "message": "Say left, or right"
                            }
                        },
                        {
                            "directionType": "set",
                            "parameters": {
                                "variableName": "playerHealth",
                                "variableValue": "10"
                            }
                        },
                        {
                            "directionType": "choice",
                            "parameters": {
                                "utterances": [
                                    "left"
                                ],
                                "saveToHistory": "true",
                                "directions": [
                                    {
                                        "directionType": "go to",
                                        "parameters": {
                                            "target": "go left",
                                            "targetSceneProperty": "narration"
                                        }
                                    }
                                ],
                                "utteranceIDs": [
                                    "flexaIntent"
                                ]
                            }
                        },
                        {
                            "directionType": "choice",
                            "parameters": {
                                "utterances": [
                                    "right"
                                ],
                                "saveToHistory": "true",
                                "directions": [
                                    {
                                        "directionType": "go to",
                                        "parameters": {
                                            "target": "go right",
                                            "targetSceneProperty": "narration"
                                        }
                                    }
                                ],
                                "utteranceIDs": [
                                    "AMAZON.YesIntent"
                                ]
                            }
                        }
                    ]
                }
            ],
            "id": "begin",
            "customProperties": {
                "sourceLocation": 341,
                "sourceID": "story.abc"
            }
        },
        {
            "contents": [
                {
                    "narration": "After walking a few yards, coming charging towards you is a hyena, with teeth bared and he is hungry.\n\n        You cannot run away, and he is right on you.",
                    "sceneDirections": [
                        {
                            "directionType": "set",
                            "parameters": {
                                "variableName": "attacker",
                                "variableValue": "hyena"
                            }
                        },
                        {
                            "directionType": "set",
                            "parameters": {
                                "variableName": "attackerHealth",
                                "variableValue": "5"
                            }
                        },
                        {
                            "directionType": "set",
                            "parameters": {
                                "variableName": "attackerDamage",
                                "variableValue": "3"
                            }
                        },
                        {
                            "directionType": "go to",
                            "parameters": {
                                "target": "draw weapon",
                                "targetSceneProperty": "narration"
                            }
                        }
                    ]
                }
            ],
            "id": "go left",
            "customProperties": {
                "sourceLocation": 1171,
                "sourceID": "story.abc"
            }
        },
        {
            "contents": [
                {
                    "narration": "You stumble upon a wild boar, charging at you with tusks glaring.\n\n        You cannot run away, and he is right on you.",
                    "sceneDirections": [
                        {
                            "directionType": "set",
                            "parameters": {
                                "variableName": "attacker",
                                "variableValue": "wild boar"
                            }
                        },
                        {
                            "directionType": "set",
                            "parameters": {
                                "variableName": "attackerHealth",
                                "variableValue": "7"
                            }
                        },
                        {
                            "directionType": "set",
                            "parameters": {
                                "variableName": "attackerDamage",
                                "variableValue": "4"
                            }
                        },
                        {
                            "directionType": "go to",
                            "parameters": {
                                "target": "draw weapon",
                                "targetSceneProperty": "narration"
                            }
                        }
                    ]
                }
            ],
            "id": "go right",
            "customProperties": {
                "sourceLocation": 1484,
                "sourceID": "story.abc"
            }
        },
        {
            "contents": [
                {
                    "narration": "Do you draw your spear, or your machete?",
                    "sceneDirections": [
                        {
                            "directionType": "reprompt",
                            "parameters": {
                                "message": "Do you want to use your spear, or your machete?"
                            }
                        },
                        {
                            "directionType": "recap",
                            "parameters": {
                                "message": "Say spear, or machete."
                            }
                        },
                        {
                            "directionType": "choice",
                            "parameters": {
                                "utterances": [
                                    "spear"
                                ],
                                "saveToHistory": "true",
                                "directions": [
                                    {
                                        "directionType": "set",
                                        "parameters": {
                                            "variableName": "weaponChosen",
                                            "variableValue": "spear"
                                        }
                                    },
                                    {
                                        "directionType": "set",
                                        "parameters": {
                                            "variableName": "weaponDamage",
                                            "variableValue": "3"
                                        }
                                    },
                                    {
                                        "directionType": "go to",
                                        "parameters": {
                                            "target": "try to attack",
                                            "targetSceneProperty": "narration"
                                        }
                                    }
                                ],
                                "utteranceIDs": [
                                    "flexbIntent"
                                ]
                            }
                        },
                        {
                            "directionType": "choice",
                            "parameters": {
                                "utterances": [
                                    "machete"
                                ],
                                "saveToHistory": "true",
                                "directions": [
                                    {
                                        "directionType": "set",
                                        "parameters": {
                                            "variableName": "weaponChosen",
                                            "variableValue": "machete"
                                        }
                                    },
                                    {
                                        "directionType": "set",
                                        "parameters": {
                                            "variableName": "weaponDamage",
                                            "variableValue": "2"
                                        }
                                    },
                                    {
                                        "directionType": "go to",
                                        "parameters": {
                                            "target": "try to attack",
                                            "targetSceneProperty": "narration"
                                        }
                                    }
                                ],
                                "utteranceIDs": [
                                    "flexcIntent"
                                ]
                            }
                        }
                    ]
                }
            ],
            "id": "draw weapon",
            "customProperties": {
                "sourceLocation": 1783,
                "sourceID": "story.abc"
            }
        },
        {
            "contents": [
                {
                    "narration": "You try to attack the {attacker} with your {weaponChosen}",
                    "sceneDirections": [
                        {
                            "directionType": "go to",
                            "parameters": {
                                "target": "battle",
                                "targetSceneProperty": "narration"
                            }
                        }
                    ]
                }
            ],
            "id": "try to attack",
            "customProperties": {
                "sourceLocation": 2276,
                "sourceID": "story.abc"
            }
        },
        {
            "contents": [
                {
                    "narration": "",
                    "sceneDirections": [
                        {
                            "directionType": "roll dice",
                            "parameters": {
                                "diceString": "1d2"
                            }
                        },
                        {
                            "directionType": "flag",
                            "parameters": {
                                "variableName": "attackFoe"
                            }
                        },
                        {
                            "directionType": "condition",
                            "parameters": {
                                "condition": "{rollResult} == 1",
                                "directions": [
                                    {
                                        "directionType": "unflag",
                                        "parameters": {
                                            "variableName": "attackFoe"
                                        }
                                    }
                                ]
                            }
                        },
                        {
                            "directionType": "return",
                            "parameters": {}
                        }
                    ]
                }
            ],
            "id": "attackResult",
            "customProperties": {
                "sourceLocation": 2396,
                "sourceID": "story.abc"
            }
        },
        {
            "contents": [
                {
                    "narration": "",
                    "sceneDirections": [
                        {
                            "directionType": "save and go",
                            "parameters": {
                                "target": "attackResult",
                                "targetSceneProperty": "narration"
                            }
                        },
                        {
                            "directionType": "condition",
                            "parameters": {
                                "condition": "{attackFoe}",
                                "directions": [
                                    {
                                        "directionType": "reduce",
                                        "parameters": {
                                            "variableName": "attackerHealth",
                                            "variableValue": "{weaponDamage}"
                                        }
                                    },
                                    {
                                        "directionType": "go to",
                                        "parameters": {
                                            "target": "give battle update",
                                            "targetSceneProperty": "narration"
                                        }
                                    }
                                ]
                            }
                        },
                        {
                            "directionType": "condition",
                            "parameters": {
                                "condition": "!{attackFoe}",
                                "directions": [
                                    {
                                        "directionType": "reduce",
                                        "parameters": {
                                            "variableName": "playerHealth",
                                            "variableValue": "{attackerDamage}"
                                        }
                                    },
                                    {
                                        "directionType": "go to",
                                        "parameters": {
                                            "target": "give battle update",
                                            "targetSceneProperty": "narration"
                                        }
                                    }
                                ]
                            }
                        }
                    ]
                }
            ],
            "id": "battle",
            "customProperties": {
                "sourceLocation": 2645,
                "sourceID": "story.abc"
            }
        },
        {
            "contents": [
                {
                    "narration": "Your health is {playerHealth}.\n        The health of the {attacker} is {attackerHealth}.",
                    "sceneDirections": [
                        {
                            "directionType": "condition",
                            "parameters": {
                                "condition": "{playerHealth} <=0",
                                "directions": [
                                    {
                                        "directionType": "go to",
                                        "parameters": {
                                            "target": "game over",
                                            "targetSceneProperty": "narration"
                                        }
                                    }
                                ]
                            }
                        },
                        {
                            "directionType": "condition",
                            "parameters": {
                                "condition": "{attackerHealth} <=0",
                                "directions": [
                                    {
                                        "directionType": "go to",
                                        "parameters": {
                                            "target": "clearing",
                                            "targetSceneProperty": "narration"
                                        }
                                    }
                                ]
                            }
                        },
                        {
                            "directionType": "condition",
                            "parameters": {
                                "condition": "{playerHealth} > 0 && {attackerHealth} > 0",
                                "directions": [
                                    {
                                        "directionType": "go to",
                                        "parameters": {
                                            "target": "draw weapon",
                                            "targetSceneProperty": "narration"
                                        }
                                    }
                                ]
                            }
                        }
                    ]
                }
            ],
            "id": "give battle update",
            "customProperties": {
                "sourceLocation": 2946,
                "sourceID": "story.abc"
            }
        },
        {
            "contents": [
                {
                    "narration": "Sorry.\n        You have died.\n        You were not able to escape the jungle.\n        Do you want to give it another shot?",
                    "sceneDirections": [
                        {
                            "directionType": "go to",
                            "parameters": {
                                "target": "start playing",
                                "targetSceneProperty": "narration"
                            }
                        }
                    ]
                }
            ],
            "id": "game over",
            "customProperties": {
                "sourceLocation": 3350,
                "sourceID": "story.abc"
            }
        },
        {
            "contents": [
                {
                    "narration": "You were able to defeat the {attacker}.\n\nYou stumble upon a clearing. From behind, you hear a pack of wolves coming after you. You start running, and they are closing in on you quickly.\n\nYou come to the edge of a cliff  that is the end of a huge chasm, and deep below is a giant waterfall with rushing water. The pool at the end of the waterfall looks deep enough, but there is no way to tell for sure. There might be rocks down there.\n\nThere is also an old wooden bridge that goes across the chasm, but below are jagged rocks. If that bridge collapses, you might fall to your death.\n\nNo time to lose.\n\nDo you jump down into the pool at the bottom of the waterfall, which is a 50 foot plunge, or do you take your chances and run across the old rope bridge?",
                    "sceneDirections": [
                        {
                            "directionType": "reprompt",
                            "parameters": {
                                "message": "Do you jump into the pool or take the bridge"
                            }
                        },
                        {
                            "directionType": "recap",
                            "parameters": {
                                "message": "Say jump or, take the bridge"
                            }
                        },
                        {
                            "directionType": "choice",
                            "parameters": {
                                "utterances": [
                                    "jump",
                                    "jump down",
                                    "jump off",
                                    "jump into the pool",
                                    "jump into the waterfall"
                                ],
                                "saveToHistory": "true",
                                "directions": [
                                    {
                                        "directionType": "go to",
                                        "parameters": {
                                            "target": "determine fate",
                                            "targetSceneProperty": "narration"
                                        }
                                    }
                                ],
                                "utteranceIDs": [
                                    "flexdIntent"
                                ]
                            }
                        },
                        {
                            "directionType": "choice",
                            "parameters": {
                                "utterances": [
                                    "take the bridge",
                                    "bridge",
                                    "run across the bridge"
                                ],
                                "saveToHistory": "true",
                                "directions": [
                                    {
                                        "directionType": "go to",
                                        "parameters": {
                                            "target": "determine fate",
                                            "targetSceneProperty": "narration"
                                        }
                                    }
                                ],
                                "utteranceIDs": [
                                    "flexeIntent"
                                ]
                            }
                        }
                    ]
                }
            ],
            "id": "clearing",
            "customProperties": {
                "sourceLocation": 3538,
                "sourceID": "story.abc"
            }
        },
        {
            "contents": [
                {
                    "narration": "",
                    "sceneDirections": [
                        {
                            "directionType": "roll dice",
                            "parameters": {
                                "diceString": "1d2"
                            }
                        },
                        {
                            "directionType": "condition",
                            "parameters": {
                                "condition": "{rollResult} == 1",
                                "directions": [
                                    {
                                        "directionType": "go to",
                                        "parameters": {
                                            "target": "escaped",
                                            "targetSceneProperty": "narration"
                                        }
                                    }
                                ]
                            }
                        },
                        {
                            "directionType": "condition",
                            "parameters": {
                                "condition": "{rollResult} == 2",
                                "directions": [
                                    {
                                        "directionType": "go to",
                                        "parameters": {
                                            "target": "died",
                                            "targetSceneProperty": "narration"
                                        }
                                    }
                                ]
                            }
                        }
                    ]
                }
            ],
            "id": "determine fate",
            "customProperties": {
                "sourceLocation": 4705,
                "sourceID": "story.abc"
            }
        },
        {
            "contents": [
                {
                    "narration": "You plunged to your death.",
                    "sceneDirections": [
                        {
                            "directionType": "go to",
                            "parameters": {
                                "target": "game over",
                                "targetSceneProperty": "narration"
                            }
                        }
                    ]
                }
            ],
            "id": "died",
            "customProperties": {
                "sourceLocation": 4851,
                "sourceID": "story.abc"
            }
        },
        {
            "contents": [
                {
                    "narration": "Congratulations! You were able to get to safety and escape the jungle.\n\n        The game has ended, and you have won the game.\n\n        You can play again.",
                    "sceneDirections": [
                        {
                            "directionType": "go to",
                            "parameters": {
                                "target": "start playing",
                                "targetSceneProperty": "narration"
                            }
                        }
                    ]
                }
            ],
            "id": "escaped",
            "customProperties": {
                "sourceLocation": 4943,
                "sourceID": "story.abc"
            }
        }
    ],
    "storyID": "jungle-escape",
    "storyTitle": "Jungle Escape",
    "alexaVoiceModel": {
        "languageModel": {
            "intents": [
                {
                    "name": "flexaIntent",
                    "samples": [
                        "left"
                    ]
                },
                {
                    "name": "flexbIntent",
                    "samples": [
                        "spear"
                    ]
                },
                {
                    "name": "flexcIntent",
                    "samples": [
                        "machete"
                    ]
                },
                {
                    "name": "flexdIntent",
                    "samples": [
                        "jump",
                        "jump down",
                        "jump off",
                        "jump into the pool",
                        "jump into the waterfall"
                    ]
                },
                {
                    "name": "flexeIntent",
                    "samples": [
                        "take the bridge",
                        "bridge",
                        "run across the bridge"
                    ]
                },
                {
                    "name": "AMAZON.CancelIntent"
                },
                {
                    "name": "AMAZON.HelpIntent"
                },
                {
                    "name": "AMAZON.LoopOffIntent"
                },
                {
                    "name": "AMAZON.LoopOnIntent"
                },
                {
                    "name": "AMAZON.NextIntent"
                },
                {
                    "name": "AMAZON.NoIntent"
                },
                {
                    "name": "AMAZON.PauseIntent"
                },
                {
                    "name": "AMAZON.PreviousIntent"
                },
                {
                    "name": "AMAZON.RepeatIntent"
                },
                {
                    "name": "AMAZON.ResumeIntent"
                },
                {
                    "name": "AMAZON.ShuffleOffIntent"
                },
                {
                    "name": "AMAZON.ShuffleOnIntent"
                },
                {
                    "name": "AMAZON.StartOverIntent"
                },
                {
                    "name": "AMAZON.StopIntent"
                },
                {
                    "name": "AMAZON.YesIntent"
                },
                {
                    "name": "AMAZON.ScrollUpIntent"
                },
                {
                    "name": "AMAZON.ScrollLeftIntent"
                },
                {
                    "name": "AMAZON.ScrollDownIntent"
                },
                {
                    "name": "AMAZON.ScrollRightIntent"
                },
                {
                    "name": "AMAZON.PageUpIntent"
                },
                {
                    "name": "AMAZON.PageDownIntent"
                },
                {
                    "name": "AMAZON.MoreIntent"
                },
                {
                    "name": "AMAZON.FallbackIntent"
                }
            ],
            "invocationName": "jungle escape"
        }
    }
}