{
    "interactionModel": {
        "languageModel": {
            "intents": [
                {
                    "name": "flexaIntent",
                    "samples": [
                        "left"
                    ]
                },
                {
                    "name": "flexbIntent",
                    "samples": [
                        "spear"
                    ]
                },
                {
                    "name": "flexcIntent",
                    "samples": [
                        "machete"
                    ]
                },
                {
                    "name": "flexdIntent",
                    "samples": [
                        "jump",
                        "jump down",
                        "jump off",
                        "jump into the pool",
                        "jump into the waterfall"
                    ]
                },
                {
                    "name": "flexeIntent",
                    "samples": [
                        "take the bridge",
                        "bridge",
                        "run across the bridge"
                    ]
                },
                {
                    "name": "AMAZON.CancelIntent"
                },
                {
                    "name": "AMAZON.HelpIntent"
                },
                {
                    "name": "AMAZON.LoopOffIntent"
                },
                {
                    "name": "AMAZON.LoopOnIntent"
                },
                {
                    "name": "AMAZON.NextIntent"
                },
                {
                    "name": "AMAZON.NoIntent"
                },
                {
                    "name": "AMAZON.PauseIntent"
                },
                {
                    "name": "AMAZON.PreviousIntent"
                },
                {
                    "name": "AMAZON.RepeatIntent"
                },
                {
                    "name": "AMAZON.ResumeIntent"
                },
                {
                    "name": "AMAZON.ShuffleOffIntent"
                },
                {
                    "name": "AMAZON.ShuffleOnIntent"
                },
                {
                    "name": "AMAZON.StartOverIntent"
                },
                {
                    "name": "AMAZON.StopIntent"
                },
                {
                    "name": "AMAZON.YesIntent"
                },
                {
                    "name": "AMAZON.ScrollUpIntent"
                },
                {
                    "name": "AMAZON.ScrollLeftIntent"
                },
                {
                    "name": "AMAZON.ScrollDownIntent"
                },
                {
                    "name": "AMAZON.ScrollRightIntent"
                },
                {
                    "name": "AMAZON.PageUpIntent"
                },
                {
                    "name": "AMAZON.PageDownIntent"
                },
                {
                    "name": "AMAZON.MoreIntent"
                },
                {
                    "name": "AMAZON.FallbackIntent"
                }
            ],
            "invocationName": "jungle escape"
        }
    }
}