{
    "pluginName": "default",
    "scenes": [
        {
            "contents": [
                {
                    "narration": "Welcome to Jungle Escape!",
                    "sceneDirections": [
                        {
                            "directionType": "go to",
                            "parameters": {
                                "target": "start playing",
                                "targetSceneProperty": "narration"
                            }
                        }
                    ]
                }
            ],
            "id": "start",
            "customProperties": {
                "sourceLocation": 0,
                "sourceID": "story.abc"
            }
        },
        {
            "contents": [
                {
                    "narration": "Would you like to start playing?",
                    "sceneDirections": [
                        {
                            "directionType": "choice",
                            "parameters": {
                                "utterances": [
                                    "yes",
                                    "yeah",
                                    "ok"
                                ],
                                "saveToHistory": "true",
                                "directions": [
                                    {
                                        "directionType": "clear",
                                        "parameters": {
                                            "variableName": "all"
                                        }
                                    },
                                    {
                                        "directionType": "go to",
                                        "parameters": {
                                            "target": "begin",
                                            "targetSceneProperty": "narration"
                                        }
                                    }
                                ],
                                "utteranceIDs": [
                                    "AMAZON.YesIntent"
                                ]
                            }
                        },
                        {
                            "directionType": "choice",
                            "parameters": {
                                "utterances": [
                                    "no",
                                    "nope"
                                ],
                                "saveToHistory": "true",
                                "directions": [
                                    {
                                        "directionType": "go to",
                                        "parameters": {
                                            "target": "goodbye",
                                            "targetSceneProperty": "narration"
                                        }
                                    }
                                ],
                                "utteranceIDs": [
                                    "AMAZON.NoIntent"
                                ]
                            }
                        }
                    ]
                }
            ],
            "id": "start playing",
            "customProperties": {
                "sourceLocation": 80,
                "sourceID": "story.abc"
            }
        },
        {
            "contents": [
                {
                    "narration": "Goodbye",
                    "sceneDirections": [
                        {
                            "directionType": "ending",
                            "parameters": {}
                        }
                    ]
                }
            ],
            "id": "goodbye",
            "customProperties": {
                "sourceLocation": 273,
                "sourceID": "story.abc"
            }
        },
        {
            "contents": [
                {
                    "narration": "While exploring the jungle with an expedition team, you were attacked by some wild natives. You managed to escape but were separated from your group. The sun set, and you were forced to sleep in the dark in the hollow of a tree. You awake in the morning, stiff and sore, with no idea where you are. You only have a machete, a crude spear made from a long piece of a tree branch that was sharpened at the end, and a half a canister of water.\n\n    When you look ahead, you see two paths. Do you choose the path to the left, or to the right?",
                    "sceneDirections": [
                        {
                            "directionType": "reprompt",
                            "parameters": {
                                "message": "Do you choose the path to the left, or to the right?"
                            }
                        },
                        {
                            "directionType": "recap",
                            "parameters": {
                                "message": "Say left, or right"
                            }
                        },
                        {
                            "directionType": "set",
                            "parameters": {
                                "variableName": "playerHealth",
                                "variableValue": "10"
                            }
                        },
                        {
                            "directionType": "choice",
                            "parameters": {
                                "utterances": [
                                    "left"
                                ],
                                "saveToHistory": "true",
                                "directions": [
                                    {
                                        "directionType": "go to",
                                        "parameters": {
                                            "target": "go left",
                                            "targetSceneProperty": "narration"
                                        }
                                    }
                                ],
                                "utteranceIDs": [
                                    "flexaIntent"
                                ]
                            }
                        },
                        {
                            "directionType": "choice",
                            "parameters": {
                                "utterances": [
                                    "right"
                                ],
                                "saveToHistory": "true",
                                "directions": [
                                    {
                                        "directionType": "go to",
                                        "parameters": {
                                            "target": "go right",
                                            "targetSceneProperty": "narration"
                                        }
                                    }
                                ],
                                "utteranceIDs": [
                                    "AMAZON.YesIntent"
                                ]
                            }
                        }
                    ]
                }
            ],
            "id": "begin",
            "customProperties": {
                "sourceLocation": 341,
                "sourceID": "story.abc"
            }
        },
        {
            "contents": [
                {
                    "narration": "",
                    "sceneDirections": [
                        {
                            "directionType": "ending",
                            "parameters": {}
                        }
                    ]
                }
            ],
            "id": "go left",
            "customProperties": {
                "sourceLocation": 1171,
                "sourceID": "story.abc"
            }
        }
    ],
    "storyID": "jungle-escape",
    "storyTitle": "Jungle Escape",
    "alexaVoiceModel": {
        "languageModel": {
            "intents": [
                {
                    "name": "flexaIntent",
                    "samples": [
                        "left"
                    ]
                },
                {
                    "name": "AMAZON.CancelIntent"
                },
                {
                    "name": "AMAZON.HelpIntent"
                },
                {
                    "name": "AMAZON.LoopOffIntent"
                },
                {
                    "name": "AMAZON.LoopOnIntent"
                },
                {
                    "name": "AMAZON.NextIntent"
                },
                {
                    "name": "AMAZON.NoIntent"
                },
                {
                    "name": "AMAZON.PauseIntent"
                },
                {
                    "name": "AMAZON.PreviousIntent"
                },
                {
                    "name": "AMAZON.RepeatIntent"
                },
                {
                    "name": "AMAZON.ResumeIntent"
                },
                {
                    "name": "AMAZON.ShuffleOffIntent"
                },
                {
                    "name": "AMAZON.ShuffleOnIntent"
                },
                {
                    "name": "AMAZON.StartOverIntent"
                },
                {
                    "name": "AMAZON.StopIntent"
                },
                {
                    "name": "AMAZON.YesIntent"
                },
                {
                    "name": "AMAZON.ScrollUpIntent"
                },
                {
                    "name": "AMAZON.ScrollLeftIntent"
                },
                {
                    "name": "AMAZON.ScrollDownIntent"
                },
                {
                    "name": "AMAZON.ScrollRightIntent"
                },
                {
                    "name": "AMAZON.PageUpIntent"
                },
                {
                    "name": "AMAZON.PageDownIntent"
                },
                {
                    "name": "AMAZON.MoreIntent"
                },
                {
                    "name": "AMAZON.FallbackIntent"
                }
            ],
            "invocationName": "jungle escape"
        }
    }
}