{
    "en-US": {
        "translation": {
            "start.narration": "Welcome to Jungle Escape!",
            "start playing.narration": "Would you like to start playing?",
            "utterance-yes": "yes",
            "utterance-yeah": "yeah",
            "utterance-ok": "ok",
            "utterance-no": "no",
            "utterance-nope": "nope",
            "goodbye.narration": "Goodbye",
            "begin.narration": "While exploring the jungle with an expedition team, you were attacked by some wild natives. You managed to escape but were separated from your group. The sun set, and you were forced to sleep in the dark in the hollow of a tree. You awake in the morning, stiff and sore, with no idea where you are. You only have a machete, a crude spear made from a long piece of a tree branch that was sharpened at the end, and a half a canister of water.\n\n    When you look ahead, you see two paths. Do you choose the path to the left, or to the right?",
            "begin.reprompt": "Do you choose the path to the left, or to the right?",
            "begin.recap": "Say left, or right",
            "utterance-left": "left",
            "utterance-right": "right"
        }
    }
}